{"cameraMode":{"drawMode":0,"name":"Shaded","section":"Shading Mode"},"sceneLighting":false,"audioPlay":false,"sceneViewState":{"showFog":true,"showMaterialUpdate":true,"showSkybox":true,"showFlares":true,"showImageEffects":true,"showParticleSystems":true},"in2DMode":false,"pivot":{"x":25.811586380004884,"y":-1.5525860786437989,"z":38.139312744140628},"rotation":{"x":0.15762078762054444,"y":-0.3555079698562622,"z":0.06096121296286583,"w":0.9192995429039002},"size":16.376651763916017,"orthographic":false}