{"cameraMode":{"drawMode":0,"name":"Shaded","section":"Shading Mode"},"sceneLighting":false,"audioPlay":false,"sceneViewState":{"showFog":true,"showMaterialUpdate":true,"showSkybox":true,"showFlares":true,"showImageEffects":true,"showParticleSystems":true},"in2DMode":false,"pivot":{"x":40.39056396484375,"y":44.78606033325195,"z":-23.184154510498048},"rotation":{"x":0.44985514879226687,"y":-0.0735442042350769,"z":0.03719010949134827,"w":0.8893210291862488},"size":23.334524154663087,"orthographic":false}