{"cameraMode":{"drawMode":0,"name":"Shaded","section":"Shading Mode"},"sceneLighting":false,"audioPlay":false,"sceneViewState":{"showFog":true,"showMaterialUpdate":true,"showSkybox":true,"showFlares":true,"showImageEffects":true,"showParticleSystems":true},"in2DMode":false,"pivot":{"x":4.0000691413879398,"y":-2.595776081085205,"z":-14.035350799560547},"rotation":{"x":-0.009570949710905552,"y":-0.9889253973960877,"z":0.07312113791704178,"w":-0.1291753202676773},"size":17.26464080810547,"orthographic":false}